"image","xmin","ymin","xmax","ymax","label"
"DJI_0073_JPG.rf.2a6fec59904b3c8eb86b8be8a6467c7a.jpg",114.72462514417532,312.3055074971165,145.19103229527104,332.29282006920414,"sheep"
"DJI_0073_JPG.rf.2a6fec59904b3c8eb86b8be8a6467c7a.jpg",115.854815455594,326.2164071510957,134.08780276816609,354.9453575547866,"sheep"
"DJI_0073_JPG.rf.2a6fec59904b3c8eb86b8be8a6467c7a.jpg",101.49221453287197,316.318339100346,120.28935986159169,348.90268166089965,"sheep"
"DJI_0073_JPG.rf.5654a86c22cf5b8a2b410b63f76dadfc.jpg",133.26874279123413,323.14258938869665,162.37442329873124,345.66767589388695,"sheep"
"DJI_0073_JPG.rf.5654a86c22cf5b8a2b410b63f76dadfc.jpg",137.01167820069205,336.4818339100346,162.41003460207614,365.93800461361013,"sheep"
"DJI_0073_JPG.rf.5654a86c22cf5b8a2b410b63f76dadfc.jpg",119.7833044982699,330.99769319492503,140.41911764705884,362.12572087658594,"sheep"
"DJI_0077_JPG.rf.fd501778d2bbc48bc1b08264bae14a53.jpg",183.89677047289504,200.67906574394462,209.62687427912343,221.75158592848902,"sheep"
"DJI_0077_JPG.rf.fd501778d2bbc48bc1b08264bae14a53.jpg",190.91969434832757,218.1492214532872,210.0392156862745,240.20011534025375,"sheep"
"DJI_0077_JPG.rf.fd501778d2bbc48bc1b08264bae14a53.jpg",171.95198961937714,212.60135524798153,192.8445790080738,238.50951557093424,"sheep"
"DJI_0073_JPG.rf.75c4d7b792e667202ecb628859e8ddc6.jpg",136.73053633217992,73.90095155709342,161.1542675893887,94.81790657439446,"sheep"
"DJI_0073_JPG.rf.75c4d7b792e667202ecb628859e8ddc6.jpg",138.91594579008074,45.11764705882353,158.2247693194925,74.4032583621684,"sheep"
"DJI_0073_JPG.rf.75c4d7b792e667202ecb628859e8ddc6.jpg",128.1500865051903,43.936851211072664,141.14258938869665,81.3024798154556,"sheep"
"DJI_0073_JPG.rf.e0a02c3a608d2b74a9ee4cc427a6f636.jpg",125.72851787773932,315.66796424452133,150.10539215686273,338.47419261822375,"sheep"
"DJI_0073_JPG.rf.e0a02c3a608d2b74a9ee4cc427a6f636.jpg",127.31228373702422,334.50259515570934,148.37730680507497,365.2051614763553,"sheep"
"DJI_0073_JPG.rf.e0a02c3a608d2b74a9ee4cc427a6f636.jpg",114.83895617070357,324.1322087658593,135.04368512110727,357.2338523644752,"sheep"
"DJI_0093_JPG.rf.36a85c1a8f872ce80ae0fc6d27b7152e.jpg",252.21986735870817,95.09717416378315,287.62312572087654,136.13264129181084,"sheep"
"DJI_0093_JPG.rf.36a85c1a8f872ce80ae0fc6d27b7152e.jpg",221.4292099192618,65.46856978085351,258.92791234140714,97.48875432525952,"sheep"
"DJI_0093_JPG.rf.36a85c1a8f872ce80ae0fc6d27b7152e.jpg",219.27566320645906,87.04527104959631,249.5284025374856,128.44622260668973,"sheep"
"DJI_0093_JPG.rf.3c284812fe5b857abd3724725a6d1662.jpg",273.0468569780854,255.49423298731256,313.23889850057674,293.4502595155709,"sheep"
"DJI_0093_JPG.rf.3c284812fe5b857abd3724725a6d1662.jpg",320.09126297577853,229.72851787773934,349.5736735870819,279.74740484429066,"sheep"
"DJI_0093_JPG.rf.3c284812fe5b857abd3724725a6d1662.jpg",286.77782583621683,225.12716262975778,322.17920991926184,253.50562283737023,"sheep"
"DJI_0093_JPG.rf.a521a6a1f5178ca6b839743879b2fcde.jpg",283.9870242214533,235.66248558246826,331.58809111880043,271.85294117647055,"sheep"
"DJI_0093_JPG.rf.a521a6a1f5178ca6b839743879b2fcde.jpg",324.34587658592847,200.8083910034602,358.4839965397924,240.05392156862746,"sheep"
"DJI_0093_JPG.rf.a521a6a1f5178ca6b839743879b2fcde.jpg",292.9273356401384,207.21092848904266,330.2967128027681,234.05060553633217,"sheep"
"DJI_0093_JPG.rf.c87084a589192a27e8cb15e5a2af9f16.jpg",101.55594002306805,126.61130334486735,140.7358708189158,163.8457324106113,"sheep"
"DJI_0093_JPG.rf.c87084a589192a27e8cb15e5a2af9f16.jpg",66.5725201845444,152.39201268742792,98.03979238754324,186.24711649365628,"sheep"
"DJI_0093_JPG.rf.c87084a589192a27e8cb15e5a2af9f16.jpg",91.83405420991926,163.91695501730104,125.39489619377161,194.6026528258362,"sheep"
"DJI_0093_JPG.rf.e6eedb8607771ef60d6df398beeddbd2.jpg",249.3334775086505,278.4335351787774,285.8969146482122,318.9816897347174,"sheep"
"DJI_0093_JPG.rf.e6eedb8607771ef60d6df398beeddbd2.jpg",223.04671280276816,321.8830738177624,260.7572087658593,354.78791810841983,"sheep"
"DJI_0093_JPG.rf.e6eedb8607771ef60d6df398beeddbd2.jpg",219.21381199538638,291.2667243367935,247.86029411764704,326.50317185697804,"sheep"
"DJI_0094_JPG.rf.2a62ec020ddcf7a352d397ad1724fa76.jpg",227.73615916955018,135.81213956170703,262.6202422145329,173.2752306805075,"sheep"
"DJI_0094_JPG.rf.2a62ec020ddcf7a352d397ad1724fa76.jpg",208.1724336793541,95.57886389850057,242.43800461361016,130.9633794694348,"sheep"
"DJI_0094_JPG.rf.2a62ec020ddcf7a352d397ad1724fa76.jpg",195.28489042675892,125.9234429065744,228.00043252595154,168.94189734717418,"sheep"
"DJI_0094_JPG.rf.09f3b5ce253ff094ec0d213feefabf75.jpg",216.5523356401384,247.7834486735871,250.5423875432526,291.9939446366782,"sheep"
"DJI_0094_JPG.rf.09f3b5ce253ff094ec0d213feefabf75.jpg",187.51975201845443,252.45040369088812,215.6901672433679,291.9021049596309,"sheep"
"DJI_0094_JPG.rf.09f3b5ce253ff094ec0d213feefabf75.jpg",189.55896770472896,290.9537197231834,227.50374855824683,321.42574971164936,"sheep"
"DJI_0094_JPG.rf.cfd4dc9444e2c291bb2a0d09fdc4f319.jpg",130.17618223760093,168.36461937716263,172.37745098039215,201.6724336793541,"sheep"
"DJI_0094_JPG.rf.cfd4dc9444e2c291bb2a0d09fdc4f319.jpg",128.63552479815456,201.7567762399077,164.45299884659747,231.3778835063437,"sheep"
"DJI_0094_JPG.rf.cfd4dc9444e2c291bb2a0d09fdc4f319.jpg",96.24610726643598,192.18483275663206,128.72736447520185,230.9617935409458,"sheep"
"DJI_0094_JPG.rf.b5469ec2fac9987649dac633f82f33a4.jpg",193.19694348327565,98.58333333333333,229.99091695501727,132.50216262975778,"sheep"
"DJI_0094_JPG.rf.b5469ec2fac9987649dac633f82f33a4.jpg",217.989907727797,125.24120530565168,259.5220588235294,170.34948096885813,"sheep"
"DJI_0094_JPG.rf.b5469ec2fac9987649dac633f82f33a4.jpg",189.97880622837368,126.78561130334487,216.79224336793538,166.3085351787774,"sheep"
"DJI_0094_JPG.rf.ba380a8b23c811148827e928c8b981ba.jpg",187.30046136101498,126.32828719723183,217.61317762399077,162.98918685121106,"sheep"
"DJI_0094_JPG.rf.ba380a8b23c811148827e928c8b981ba.jpg",216.2843137254902,125.94780853517878,255.26369665513263,174.33419838523645,"sheep"
"DJI_0094_JPG.rf.ba380a8b23c811148827e928c8b981ba.jpg",190.02378892733563,89.8829296424452,224.42805651672433,128.67675893886965,"sheep"
"DJI_0095_JPG.rf.15ffbdb1a4ed5f3af5d3c1efaca1b777.jpg",173.85625720876587,211.67546136101498,203.05002883506344,248.97736447520182,"sheep"
"DJI_0095_JPG.rf.15ffbdb1a4ed5f3af5d3c1efaca1b777.jpg",201.9010957324106,183.08520761245674,246.7882064590542,216.53546712802768,"sheep"
"DJI_0095_JPG.rf.15ffbdb1a4ed5f3af5d3c1efaca1b777.jpg",204.59630911188003,215.70516147635524,240.65743944636677,246.8669261822376,"sheep"
"DJI_0095_JPG.rf.2f5fbdb7d1b580d6fddd3a671a4c8210.jpg",170.91551326412917,207.9475201845444,204.21020761245674,244.58780276816609,"sheep"
"DJI_0095_JPG.rf.2f5fbdb7d1b580d6fddd3a671a4c8210.jpg",204.2570645905421,181.77133794694348,242.26369665513263,221.86966551326412,"sheep"
"DJI_0095_JPG.rf.2f5fbdb7d1b580d6fddd3a671a4c8210.jpg",199.1702710495963,218.42474048442907,237.05320069204151,250.22938292964244,"sheep"
"DJI_0095_JPG.rf.d76e2e485381ee2091db426d628adc2e.jpg",172.34746251441751,174.27797001153402,207.0834775086505,205.21294694348327,"sheep"
"DJI_0095_JPG.rf.d76e2e485381ee2091db426d628adc2e.jpg",198.38119953863898,206.4162341407151,234.348615916955,242.67791234140714,"sheep"
"DJI_0095_JPG.rf.d76e2e485381ee2091db426d628adc2e.jpg",169.82280853517878,201.90297001153402,200.50663206459055,242.91782006920414,"sheep"
"DJI_0095_JPG.rf.6bf4917fd1c3019d5583ba87b75f2c9d.jpg",170.92863321799308,175.9910611303345,209.40758362168395,201.06891580161476,"sheep"
"DJI_0095_JPG.rf.6bf4917fd1c3019d5583ba87b75f2c9d.jpg",199.98370818915802,202.70516147635524,234.73284313725492,243.88869665513263,"sheep"
"DJI_0095_JPG.rf.6bf4917fd1c3019d5583ba87b75f2c9d.jpg",171.68021914648213,202.41464821222607,200.35856401384083,239.15051903114187,"sheep"
"DJI_0095_JPG.rf.dba929878dcaf880000ddd9616928e5f.jpg",169.83030565167243,182.88278546712803,203.81473471741637,218.77710495963092,"sheep"
"DJI_0095_JPG.rf.dba929878dcaf880000ddd9616928e5f.jpg",199.75129757785467,174.21986735870817,237.78042099192618,210.22476931949248,"sheep"
"DJI_0095_JPG.rf.dba929878dcaf880000ddd9616928e5f.jpg",169.62226066897347,213.1955017301038,213.51038062283737,249.80767012687429,"sheep"
"DJI_0096_JPG.rf.89da41eb991b4d4019f004eb39190b4f.jpg",183.89677047289504,185.33434256055364,207.3308823529412,223.21352364475203,"sheep"
"DJI_0096_JPG.rf.89da41eb991b4d4019f004eb39190b4f.jpg",202.68267012687429,203.26369665513263,242.04815455594002,236.6127450980392,"sheep"
"DJI_0096_JPG.rf.89da41eb991b4d4019f004eb39190b4f.jpg",186.1983852364475,162.06704152249134,220.38336216839676,195.7984429065744,"sheep"
"DJI_0096_JPG.rf.73efc49e4b34ae1683ce4b8aa67c0ae8.jpg",206.71986735870817,200.24798154555938,241.0491637831603,236.98572664359858,"sheep"
"DJI_0096_JPG.rf.73efc49e4b34ae1683ce4b8aa67c0ae8.jpg",176.95069204152247,166.19232987312571,213.3829296424452,196.39633794694348,"sheep"
"DJI_0096_JPG.rf.73efc49e4b34ae1683ce4b8aa67c0ae8.jpg",178.96554209919262,193.8435697808535,209.03460207612457,231.23543829296423,"sheep"
"DJI_0096_JPG.rf.a9cdba27d03e23961ca3582c65816379.jpg",178.7893598615917,165.8305940023068,218.20732410611302,197.0373414071511,"sheep"
"DJI_0096_JPG.rf.a9cdba27d03e23961ca3582c65816379.jpg",182.53791810841983,192.0967416378316,208.74034025374854,233.13033448673588,"sheep"
"DJI_0096_JPG.rf.a9cdba27d03e23961ca3582c65816379.jpg",207.64576124567475,194.61952133794694,241.34529988465977,237.07006920415225,"sheep"
"DJI_0096_JPG.rf.d2f8be4409c648ab7c399d4812c27d83.jpg",171.91262975778545,203.34241637831602,196.15830449826987,243.49134948096884,"sheep"
"DJI_0096_JPG.rf.d2f8be4409c648ab7c399d4812c27d83.jpg",194.0384948096886,170.43569780853517,235.60813148788927,210.27350057670125,"sheep"
"DJI_0096_JPG.rf.d2f8be4409c648ab7c399d4812c27d83.jpg",198.0382064590542,208.31675317185696,234.43295847750863,236.22289504036905,"sheep"
"DJI_0097_JPG.rf.7d19369df25249d986c7ce055bb9e4ec.jpg",162.20011534025375,210.98760092272204,184.11793540945789,254.51023644752019,"sheep"
"DJI_0097_JPG.rf.7d19369df25249d986c7ce055bb9e4ec.jpg",200.49913494809687,219.95415224913495,248.31199538638984,250.1000576701269,"sheep"
"DJI_0097_JPG.rf.7d19369df25249d986c7ce055bb9e4ec.jpg",182.76845444059975,203.6741637831603,228.3677912341407,223.45530565167243,"sheep"
"DJI_0097_JPG.rf.ece31bc8a3ba45272c6789db676068f5.jpg",166.92892156862746,217.70689158016148,190.76038062283737,257.6046712802768,"sheep"
"DJI_0097_JPG.rf.ece31bc8a3ba45272c6789db676068f5.jpg",184.99134948096886,202.9806805074971,228.39777970011534,227.14950980392157,"sheep"
"DJI_0097_JPG.rf.ece31bc8a3ba45272c6789db676068f5.jpg",208.12370242214533,211.37557670126873,250.86851211072664,244.1379757785467,"sheep"
"DJI_0097_JPG.rf.857d29903b5154d2a6086ec926d85739.jpg",215.94506920415225,160.99120530565168,255.30305651672433,189.74639561707036,"sheep"
"DJI_0097_JPG.rf.857d29903b5154d2a6086ec926d85739.jpg",204.17084775086505,177.94780853517878,225.59948096885813,223.20602652825835,"sheep"
"DJI_0097_JPG.rf.857d29903b5154d2a6086ec926d85739.jpg",213.9677047289504,203.60294117647058,249.76456170703574,244.64965397923874,"sheep"
"DJI_0097_JPG.rf.eb83b64dd8a41c5ca8593b5235943f6d.jpg",201.61807958477507,191.10899653979237,227.6893021914648,232.83607266435985,"sheep"
"DJI_0097_JPG.rf.eb83b64dd8a41c5ca8593b5235943f6d.jpg",215.21784890426758,228.90196078431373,262.9801038062284,255.08189158016148,"sheep"
"DJI_0097_JPG.rf.eb83b64dd8a41c5ca8593b5235943f6d.jpg",213.05118223760093,174.36418685121106,245.9072952710496,215.82136678200692,"sheep"
"DJI_0097_JPG.rf.9cd95af895d8dd29b5af76fd6befd060.jpg",165.55132641291812,216.59544405997693,192.22044405997693,256.7256343713956,"sheep"
"DJI_0097_JPG.rf.9cd95af895d8dd29b5af76fd6befd060.jpg",209.7318339100346,215.5795847750865,246.93065167243367,244.59717416378314,"sheep"
"DJI_0097_JPG.rf.9cd95af895d8dd29b5af76fd6befd060.jpg",184.14792387543253,205.5090830449827,225.5282583621684,226.9527104959631,"sheep"
"DJI_0098_JPG.rf.223f486cdd758629d857a8b2a3957985.jpg",326.85928489042675,239.1561418685121,377.6391291810842,287.3457324106113,"sheep"
"DJI_0098_JPG.rf.223f486cdd758629d857a8b2a3957985.jpg",364.67286620530564,278.84400230680507,392.6221164936563,351.0787197231834,"sheep"
"DJI_0098_JPG.rf.223f486cdd758629d857a8b2a3957985.jpg",333.85596885813146,282.93930219146483,363.87629757785464,335.93079584775086,"sheep"
"DJI_0098_JPG.rf.32850d55fbc4789b0d7f5397383b161c.jpg",101.37788350634371,57.903979238754324,138.02566320645906,105.00273933102653,"sheep"
"DJI_0098_JPG.rf.32850d55fbc4789b0d7f5397383b161c.jpg",36.11923298731257,52.305507497116494,101.01802191464822,78.21554209919262,"sheep"
"DJI_0098_JPG.rf.32850d55fbc4789b0d7f5397383b161c.jpg",51.92315455594002,80.04296424452133,105.34385813148788,110.15700692041521,"sheep"
"DJI_0099_JPG.rf.22686012f66fdaa6407badae0bac82bf.jpg",219.14258938869665,163.36404267589387,263.7579296424452,209.72808535178774,"sheep"
"DJI_0099_JPG.rf.22686012f66fdaa6407badae0bac82bf.jpg",261.0983275663206,200.6640715109573,320.74913494809687,230.24394463667818,"sheep"
"DJI_0099_JPG.rf.22686012f66fdaa6407badae0bac82bf.jpg",262.2791234140715,154.74610726643598,305.17762399077276,201.58809111880046,"sheep"
"DJI_0098_JPG.rf.9c263a119baeb71e6c70c2d5ee274120.jpg",365.6699826989619,71.10452710495963,392.8489042675894,136.4081603229527,"sheep"
"DJI_0098_JPG.rf.9c263a119baeb71e6c70c2d5ee274120.jpg",330.95271049596306,128.33001730103805,380.2949826989619,176.05666089965396,"sheep"
"DJI_0098_JPG.rf.9c263a119baeb71e6c70c2d5ee274120.jpg",331.8598615916955,82.3427047289504,366.0354671280277,128.0001441753172,"sheep"
"DJI_0098_JPG.rf.b7cb01901619331a6edd35db91be86f9.jpg",226.63220876585927,334.72938292964244,272.8350634371395,378.1414359861592,"sheep"
"DJI_0098_JPG.rf.b7cb01901619331a6edd35db91be86f9.jpg",261.2951268742791,374.87644175317183,324.0272491349481,408.42978662053054,"sheep"
"DJI_0098_JPG.rf.b7cb01901619331a6edd35db91be86f9.jpg",272.2446655132641,343.87773933102653,323.3450115340254,373.9243079584775,"sheep"
"DJI_0098_JPG.rf.423c3d6c7d8c7b02fab18c2d4903297f.jpg",86.3386678200692,13.820934256055363,150.58333333333331,47.28806228373702,"sheep"
"DJI_0098_JPG.rf.423c3d6c7d8c7b02fab18c2d4903297f.jpg",140.85207612456747,39.318627450980394,190.74351211072664,84.52249134948097,"sheep"
"DJI_0098_JPG.rf.423c3d6c7d8c7b02fab18c2d4903297f.jpg",90.68512110726644,38.16219723183391,140.70213379469436,80.21539792387543,"sheep"
"DJI_0100_JPG.rf.049d46c415c375b359338ac73e7e0b71.jpg",149.85049019607843,158.76643598615917,196.5725201845444,210.69521337946944,"sheep"
"DJI_0100_JPG.rf.049d46c415c375b359338ac73e7e0b71.jpg",193.71049596309112,113.01153402537486,221.94276239907728,177.1399942329873,"sheep"
"DJI_0100_JPG.rf.049d46c415c375b359338ac73e7e0b71.jpg",161.74653979238755,112.32367358708188,194.04599192618224,162.48125720876584,"sheep"
"DJI_0099_JPG.rf.8d5f676a0ec7a8b3a4b09bb03317db0a.jpg",108.17964244521337,173.79815455594002,164.30305651672433,206.59241637831602,"sheep"
"DJI_0099_JPG.rf.8d5f676a0ec7a8b3a4b09bb03317db0a.jpg",149.3931660899654,202.41464821222607,198.81790657439447,241.7501441753172,"sheep"
"DJI_0099_JPG.rf.8d5f676a0ec7a8b3a4b09bb03317db0a.jpg",108.90311418685121,195.1480680507497,150.14100346020763,236.52465397923876,"sheep"
"DJI_0099_JPG.rf.64889a602a4dbeca38ee050a4259ee98.jpg",147.50576701268741,201.0108131487889,198.49740484429066,235.2145328719723,"sheep"
"DJI_0099_JPG.rf.64889a602a4dbeca38ee050a4259ee98.jpg",110.67993079584775,163.7257785467128,166.34414648212226,195.10308535178777,"sheep"
"DJI_0099_JPG.rf.64889a602a4dbeca38ee050a4259ee98.jpg",104.7066032295271,189.78200692041523,149.72303921568627,229.17373125720877,"sheep"
"DJI_0100_JPG.rf.0358d7fd8ee84e890454ee66ff74d8d8.jpg",153.61966551326412,164.85971741637832,198.04757785467126,215.14475201845443,"sheep"
"DJI_0100_JPG.rf.0358d7fd8ee84e890454ee66ff74d8d8.jpg",183.16767589388695,112.45112456747404,213.83088235294116,168.30276816608995,"sheep"
"DJI_0100_JPG.rf.0358d7fd8ee84e890454ee66ff74d8d8.jpg",153.4416089965398,119.43281430219146,182.57540369088812,167.14071510957325,"sheep"
"DJI_0099_JPG.rf.bf2be8a19082bfe580fb69a2007eb808.jpg",167.67113610149943,210.78143021914647,205.5315743944637,261.2651384083045,"sheep"
"DJI_0099_JPG.rf.bf2be8a19082bfe580fb69a2007eb808.jpg",210.64460784313724,254.90570934256056,234.71410034602076,318.1101499423299,"sheep"
"DJI_0099_JPG.rf.bf2be8a19082bfe580fb69a2007eb808.jpg",177.96842560553634,261.2014129181084,210.02047289504037,305.4344002306805,"sheep"
"DJI_0100_JPG.rf.5d9b9d8e2b26f7ea60fa03fb177ae9dd.jpg",161.89273356401384,151.22246251441751,194.41147635524797,206.7910899653979,"sheep"
"DJI_0100_JPG.rf.5d9b9d8e2b26f7ea60fa03fb177ae9dd.jpg",201.33506343713955,111.43713956170703,232.02263552479815,168.4283448673587,"sheep"
"DJI_0100_JPG.rf.5d9b9d8e2b26f7ea60fa03fb177ae9dd.jpg",173.6482122260669,115.6017877739331,201.8579873125721,157.08333333333331,"sheep"
"DJI_0101_JPG.rf.03b0f07aea22486e19281f3bc5c3728d.jpg",116.31588811995385,332.30594002306805,153.01802191464822,382.44478085351784,"sheep"
"DJI_0101_JPG.rf.03b0f07aea22486e19281f3bc5c3728d.jpg",155.93627450980392,356.3829296424452,185.26124567474048,416,"sheep"
"DJI_0101_JPG.rf.03b0f07aea22486e19281f3bc5c3728d.jpg",129.66450403690888,364.89590542099194,160.56012110726644,412.3076701268743,"sheep"
"DJI_0100_JPG.rf.ee91d95b165b8b7ec5f2dd193dca1fd0.jpg",156.37298154555938,206.6561418685121,194.69636678200692,258.4049884659746,"sheep"
"DJI_0100_JPG.rf.ee91d95b165b8b7ec5f2dd193dca1fd0.jpg",192.8689446366782,245.6673875432526,219.95790080738178,307.3480392156863,"sheep"
"DJI_0100_JPG.rf.ee91d95b165b8b7ec5f2dd193dca1fd0.jpg",160.318339100346,252.77465397923874,192.66652249134947,300.1151960784314,"sheep"
"DJI_0100_JPG.rf.9b63e08a3281024274c83b910d50ee1c.jpg",205.2972895040369,151.88033448673588,255.90095155709344,195.61851211072664,"sheep"
"DJI_0100_JPG.rf.9b63e08a3281024274c83b910d50ee1c.jpg",245.50807381776238,188.20011534025375,307.09313725490193,216.39489619377161,"sheep"
"DJI_0100_JPG.rf.9b63e08a3281024274c83b910d50ee1c.jpg",255.38365051903114,158.04671280276816,305.57309688581313,187.09616493656284,"sheep"
"DJI_0101_JPG.rf.12c90b96aba71119b152874eb02f2d57.jpg",93.88264129181084,48.27205882352941,134.77941176470588,97.90671856978085,"sheep"
"DJI_0101_JPG.rf.12c90b96aba71119b152874eb02f2d57.jpg",135.70717993079583,6.7099192618223755,163.4221453287197,67.47217416378315,"sheep"
"DJI_0101_JPG.rf.12c90b96aba71119b152874eb02f2d57.jpg",104.82280853517878,12.801326412918108,137.75389273356402,55.2368800461361,"sheep"
"DJI_0101_JPG.rf.2d19cb652db49ae7017836d653369a7c.jpg",0.9577566320645905,216.71914648212226,56.62572087658592,252.72029988465974,"sheep"
"DJI_0101_JPG.rf.2d19cb652db49ae7017836d653369a7c.jpg",31.141147635524796,251.3427047289504,79.73558246828142,286.9971164936563,"sheep"
"DJI_0101_JPG.rf.2d19cb652db49ae7017836d653369a7c.jpg",2.940743944636678,241.11476355247981,42.2237600922722,276.9003748558247,"sheep"
"DJI_0101_JPG.rf.9de39cb4c371eac5bc48dafe8a8f33a2.jpg",113.4969723183391,32.99106113033449,149.49625144175317,84.1007785467128,"sheep"
"DJI_0101_JPG.rf.9de39cb4c371eac5bc48dafe8a8f33a2.jpg",159.29873125720877,0.38422722029988465,187.7146770472895,63.30190311418685,"sheep"
"DJI_0101_JPG.rf.9de39cb4c371eac5bc48dafe8a8f33a2.jpg",128.31689734717415,2.3934544405997693,162.21885813148788,44.330449826989614,"sheep"
"DJI_0102_JPG.rf.32e0432a40becfd069383a55c9d839f1.jpg",130.2117935409458,88.95516147635524,161.56473471741637,132.06732987312571,"sheep"
"DJI_0102_JPG.rf.32e0432a40becfd069383a55c9d839f1.jpg",166.91205305651673,52.140570934256054,199.046568627451,110.1682525951557,"sheep"
"DJI_0102_JPG.rf.32e0432a40becfd069383a55c9d839f1.jpg",141.11822376009226,61.13336216839677,170.95112456747404,96.83837946943484,"sheep"
"DJI_0101_JPG.rf.354e8ed2f02afccb2a82139673341284.jpg",321.26268742791234,104.41234140715109,372.65916955017303,133.79541522491348,"sheep"
"DJI_0101_JPG.rf.354e8ed2f02afccb2a82139673341284.jpg",352.6531141868512,139.62817185697807,413.02551903114187,165.81559976931948,"sheep"
"DJI_0101_JPG.rf.354e8ed2f02afccb2a82139673341284.jpg",367.96222606689736,107.06069780853518,404.3288638985006,142.47145328719722,"sheep"
"DJI_0102_JPG.rf.2298ae35ab97278c91cb848528e81547.jpg",153.35539215686273,77.22404844290658,183.253892733564,125.63480392156863,"sheep"
"DJI_0102_JPG.rf.2298ae35ab97278c91cb848528e81547.jpg",195.7590830449827,53.034602076124564,231.03114186851212,106.43656286043829,"sheep"
"DJI_0102_JPG.rf.2298ae35ab97278c91cb848528e81547.jpg",169.479815455594,48.273933102652826,199.56949250288352,86.86346597462514,"sheep"
"DJI_0102_JPG.rf.3bd8a071d902d64c7ecc9863a65455c4.jpg",133.3943194925029,273.69723183391005,160.17964244521337,324.87442329873124,"sheep"
"DJI_0102_JPG.rf.3bd8a071d902d64c7ecc9863a65455c4.jpg",169.0149942329873,305.8504901960784,199.13840830449826,365.8555363321799,"sheep"
"DJI_0102_JPG.rf.3bd8a071d902d64c7ecc9863a65455c4.jpg",140.60467128027682,315.5948673587082,171.14042675893887,360.0733852364475,"sheep"
"DJI_0102_JPG.rf.cd7c56145b5c10f8203b62c0f4f146ce.jpg",61.10524798154556,250.5161476355248,123.53935986159169,277.7962802768166,"sheep"
"DJI_0102_JPG.rf.cd7c56145b5c10f8203b62c0f4f146ce.jpg",111.5795847750865,272.03474625144173,154.8698096885813,312.3654844290657,"sheep"
"DJI_0102_JPG.rf.cd7c56145b5c10f8203b62c0f4f146ce.jpg",79.42820069204151,273.9764994232987,118.61000576701268,314.0167243367935,"sheep"
"DJI_0102_JPG.rf.b82c97461451286e46c7683a41762a49.jpg",82.48514994232987,240.94982698961937,130.11620530565168,272.6120242214533,"sheep"
"DJI_0102_JPG.rf.b82c97461451286e46c7683a41762a49.jpg",53.12269319492503,198.39244521337946,111.15599769319492,232.15570934256056,"sheep"
"DJI_0102_JPG.rf.b82c97461451286e46c7683a41762a49.jpg",53.37572087658593,223.8751441753172,91.5716551326413,264.33708189158017,"sheep"
"z10_png.rf.334983447343696459f0eed4326f9eb9.jpg",169.00374855824683,300.4263264129181,192.73024798154555,342.83751441753174,"sheep"
"z10_png.rf.334983447343696459f0eed4326f9eb9.jpg",178.3920126874279,339.3607266435986,210.44593425605535,367.2387543252595,"sheep"
"z10_png.rf.334983447343696459f0eed4326f9eb9.jpg",195.20617070357554,311.8931660899654,223.70645905420992,347.69752018454443,"sheep"
"z10_png.rf.4119563e37405543b0c897b6ef559ec0.jpg",167.8566897347174,72.94319492502883,195.50418108419836,117.33924452133795,"sheep"
"z10_png.rf.4119563e37405543b0c897b6ef559ec0.jpg",196.93987889273356,66.04772202998846,223.19478085351787,107.16378316032295,"sheep"
"z10_png.rf.4119563e37405543b0c897b6ef559ec0.jpg",175.92358708189158,49.9757785467128,203.68915801614764,78.17618223760093,"sheep"
"z10_png.rf.afa7671aafb942f5dcd15d58d15c4942.jpg",300.9698673587082,213.1936274509804,343.34544405997696,240.6874279123414,"sheep"
"z10_png.rf.afa7671aafb942f5dcd15d58d15c4942.jpg",341.2931084198385,201.05579584775086,362.8848039215686,238.23024798154555,"sheep"
"z10_png.rf.afa7671aafb942f5dcd15d58d15c4942.jpg",313.2407727797001,183.45818915801615,346.2468281430219,215.30406574394465,"sheep"
"z11_png.rf.00d1942aeece0c0806193edd653febcf.jpg",164.6310553633218,306.4502595155709,194.55954440599768,362.6299019607843,"sheep"
"z11_png.rf.00d1942aeece0c0806193edd653febcf.jpg",180.0544982698962,354.57425028835064,214.93295847750863,392.9969723183391,"sheep"
"z11_png.rf.00d1942aeece0c0806193edd653febcf.jpg",197.12355824682814,318.05579584775086,234.4404555940023,359.54296424452133,"sheep"
"z10_png.rf.e8c798466fd70af681d56b74484a7dd0.jpg",164.94780853517878,301.824538638985,191.56632064590542,344.11764705882354,"sheep"
"z10_png.rf.e8c798466fd70af681d56b74484a7dd0.jpg",172.14129181084198,338.7647058823529,206.02263552479815,367.598615916955,"sheep"
"z10_png.rf.e8c798466fd70af681d56b74484a7dd0.jpg",194.32900807381776,313.7599480968858,225.5282583621684,348.0386389850058,"sheep"
"z10_png.rf.e0cb9fbe122b2e23b02b434c0e19d7aa.jpg",295.6169261822376,244.31603229527104,335.89143598615914,276.3999423298731,"sheep"
"z10_png.rf.e0cb9fbe122b2e23b02b434c0e19d7aa.jpg",333.5167243367935,242.58607266435985,355.590109573241,274.2820069204152,"sheep"
"z10_png.rf.e0cb9fbe122b2e23b02b434c0e19d7aa.jpg",306.2478373702422,222.14893310265282,349.18569780853517,247.54541522491348,"sheep"
"z11_png.rf.2a2ba4a83948c7d02b619f3fbfb57045.jpg",23.531574394463668,203.6722895040369,65.39172433679354,235.01211072664358,"sheep"
"z11_png.rf.2a2ba4a83948c7d02b619f3fbfb57045.jpg",56.22837370242215,209.068339100346,110.36130334486737,248.75432525951555,"sheep"
"z11_png.rf.2a2ba4a83948c7d02b619f3fbfb57045.jpg",44.81401384083045,181.21092848904266,107.62485582468281,212.9312283737024,"sheep"
"z11_png.rf.b388fd521a5fd90d197a5d0e15218007.jpg",52.5604094579008,188.86923298731256,104.25865051903114,223.04858708189155,"sheep"
"z11_png.rf.b388fd521a5fd90d197a5d0e15218007.jpg",55.846020761245676,154.96914648212226,114.17171280276816,193.3506343713956,"sheep"
"z11_png.rf.b388fd521a5fd90d197a5d0e15218007.jpg",20.360294117647058,161.20299884659747,59.705161476355244,201.07828719723184,"sheep"
"z12_png.rf.3fb635dbbcee2527173c1f9080a604a9.jpg",249.47967128027682,198.17128027681662,293.8401095732411,241.51960784313727,"sheep"
"z12_png.rf.3fb635dbbcee2527173c1f9080a604a9.jpg",302.5705017301038,211.36245674740485,347.0433967704729,248.2501441753172,"sheep"
"z12_png.rf.3fb635dbbcee2527173c1f9080a604a9.jpg",288.92387543252596,180.058246828143,332.57021337946946,219.56805074971163,"sheep"
"z12_png.rf.0950f770ad61ce4e4a5210dafc939f7f.jpg",179.71712802768167,251.49826989619376,230.0715109573241,293.4727508650519,"sheep"
"z12_png.rf.0950f770ad61ce4e4a5210dafc939f7f.jpg",218.55594002306805,296.78272779700114,268.2580738177624,340.5752595155709,"sheep"
"z12_png.rf.0950f770ad61ce4e4a5210dafc939f7f.jpg",190.5111014994233,295.935553633218,232.03388119953863,342.4401672433679,"sheep"
"z11_png.rf.ebe7b9688934c8af80afc7587f061fdc.jpg",293.5795847750865,244.12110726643598,353.5827566320646,282.07713379469436,"sheep"
"z11_png.rf.ebe7b9688934c8af80afc7587f061fdc.jpg",348.2579296424452,240.16450403690888,387.6515282583622,281.5167243367935,"sheep"
"z11_png.rf.ebe7b9688934c8af80afc7587f061fdc.jpg",304.6865628604383,210.9969723183391,361.83895617070357,248.97923875432525,"sheep"
"z12_png.rf.9851dfb2c158523ed5676e80fd7c7b86.jpg",258.14071510957325,179.12860438292964,295.4819780853518,230.06588811995385,"sheep"
"z12_png.rf.9851dfb2c158523ed5676e80fd7c7b86.jpg",287.13956170703574,146.24062860438292,322.43786043829294,193.10697808535178,"sheep"
"z12_png.rf.9851dfb2c158523ed5676e80fd7c7b86.jpg",307.15873702422147,170.72058823529412,348.10049019607845,212.46640715109572,"sheep"
"z12_png.rf.e971560dec77335afff5472b70ff73d3.jpg",201.79051326412917,257.64965397923874,246.81632064590542,293.1053921568627,"sheep"
"z12_png.rf.e971560dec77335afff5472b70ff73d3.jpg",237.50865051903114,287.4656862745098,289.010092272203,322.229815455594,"sheep"
"z12_png.rf.e971560dec77335afff5472b70ff73d3.jpg",213.80464244521337,296.52970011534023,260.7722029988466,340.725201845444,"sheep"
"z13_png.rf.3566da60d659b35040168349e40f76e9.jpg",116.1753171856978,176.7801326412918,158.44780853517878,214.76052479815453,"sheep"
"z13_png.rf.3566da60d659b35040168349e40f76e9.jpg",67.45717993079585,167.71237024221452,112.20371972318338,206.5211937716263,"sheep"
"z13_png.rf.3566da60d659b35040168349e40f76e9.jpg",67.45717993079585,194.6813725490196,116.7338523644752,231.68713956170706,"sheep"
"z13_png.rf.097020bcaa97a3c53bf2ed7ed2fc7870.jpg",197.9313725490196,259.4545847750865,246.15095155709344,302.652970011534,"sheep"
"z13_png.rf.097020bcaa97a3c53bf2ed7ed2fc7870.jpg",236.0111014994233,296.30291234140714,284.0601211072664,329.8468858131488,"sheep"
"z13_png.rf.097020bcaa97a3c53bf2ed7ed2fc7870.jpg",215.17661476355246,306.4165224913495,261.93425605536333,346.409890426759,"sheep"
"z12_png.rf.e541dfbb9f934f44519c2d3f967ab399.jpg",189.24408881199537,122.32670126874278,230.10899653979237,155.00850634371395,"sheep"
"z12_png.rf.e541dfbb9f934f44519c2d3f967ab399.jpg",202.65080738177625,68.41306228373702,241.71265859284892,110.83549596309112,"sheep"
"z12_png.rf.e541dfbb9f934f44519c2d3f967ab399.jpg",217.44636678200692,92.10395040369089,258.12946943483274,122.15801614763552,"sheep"
"z13_png.rf.a7fc2739a2b4a896822559fe5ad364c5.jpg",186.56386966551327,268.9253171856978,229.28243944636677,307.55608419838524,"sheep"
"z13_png.rf.a7fc2739a2b4a896822559fe5ad364c5.jpg",215.9806805074971,297.0751153402537,252.45040369088812,337.8032006920415,"sheep"
"z13_png.rf.a7fc2739a2b4a896822559fe5ad364c5.jpg",193.91479238754326,310.81920415224914,231.9982698961938,352.77681660899657,"sheep"
"z13_png.rf.f5787b8e96a3e3967e4de79915582c54.jpg",180.5474336793541,267.54772202998845,219.06574394463667,306.69766435986156,"sheep"
"z13_png.rf.f5787b8e96a3e3967e4de79915582c54.jpg",204.7743656286044,298.40772779700114,245.80608419838524,344.59746251441754,"sheep"
"z13_png.rf.f5787b8e96a3e3967e4de79915582c54.jpg",180.135092272203,311.12096309111877,221.32987312572087,355.4570357554786,"sheep"
"z13_png.rf.fbc866a10346fd3b30ca1763d9eb1cdf.jpg",189.9825547866205,115.86043829296425,228.088523644752,154.82107843137254,"sheep"
"z13_png.rf.fbc866a10346fd3b30ca1763d9eb1cdf.jpg",213.9808246828143,78.38422722029988,251.67820069204151,114.93454440599768,"sheep"
"z13_png.rf.fbc866a10346fd3b30ca1763d9eb1cdf.jpg",198.63797577854672,62.226066897347174,231.3478950403691,102.99726066897347,"sheep"
"z14_png.rf.324432eeff8668ab474401c531ac577b.jpg",189.05666089965396,136.48875432525952,222.0927047289504,172.43367935409458,"sheep"
"z14_png.rf.324432eeff8668ab474401c531ac577b.jpg",210.86389850057668,170.37384659746252,243.81372549019605,202.7632641291811,"sheep"
"z14_png.rf.324432eeff8668ab474401c531ac577b.jpg",192.79584775086505,178.06963667820068,222.07208765859284,214.11389850057668,"sheep"
"z14_png.rf.07cda7033def917b650ef159e920644c.jpg",243.86807958477507,176.6601787773933,275.32598039215685,216.9103229527105,"sheep"
"z14_png.rf.07cda7033def917b650ef159e920644c.jpg",221.79094579008074,205.04988465974625,248.20703575547867,238.7700403690888,"sheep"
"z14_png.rf.07cda7033def917b650ef159e920644c.jpg",205.03301614763552,189.6189446366782,238.7156862745098,228.16536908881199,"sheep"
"z14_png.rf.3b5e9354d94b196f4cdd02e96cec8e9e.jpg",189.96193771626298,139.83434256055364,225.43267012687429,176.13725490196077,"sheep"
"z14_png.rf.3b5e9354d94b196f4cdd02e96cec8e9e.jpg",211.72606689734718,168.94377162629758,249.72145328719722,203.20184544405998,"sheep"
"z14_png.rf.3b5e9354d94b196f4cdd02e96cec8e9e.jpg",194.15282583621683,179.77897923875432,226.3698096885813,215.75951557093424,"sheep"
"z14_png.rf.63405fd6226ebe147315e7435f45da00.jpg",166.31415801614764,173.1290369088812,198.79916378316034,208.0655997693195,"sheep"
"z14_png.rf.63405fd6226ebe147315e7435f45da00.jpg",180.9916378316032,193.24754901960785,219.0188869665513,228.44276239907728,"sheep"
"z14_png.rf.63405fd6226ebe147315e7435f45da00.jpg",141.62615340253748,193.31127450980392,178.93930219146483,237.2256343713956,"sheep"
"z14_png.rf.fd1d03e117fa86fabe7caddcdb0b6483.jpg",183.88552479815456,246.59328143021915,227.7005478662053,275.3728373702422,"sheep"
"z14_png.rf.fd1d03e117fa86fabe7caddcdb0b6483.jpg",213.18987889273356,217.17647058823528,250.3437139561707,251.53575547866203,"sheep"
"z14_png.rf.fd1d03e117fa86fabe7caddcdb0b6483.jpg",191.17647058823528,199.263985005767,221.50418108419836,243.35265282583623,"sheep"
"z15_png.rf.440e7c8b85ebe3de42f6d83a15dcb1cc.jpg",177.18872549019608,186.45891003460207,212.55074971164936,212.34083044982697,"sheep"
"z15_png.rf.440e7c8b85ebe3de42f6d83a15dcb1cc.jpg",214.67805651672433,191.49884659746252,244.6983852364475,224.41306228373702,"sheep"
"z15_png.rf.440e7c8b85ebe3de42f6d83a15dcb1cc.jpg",186.2358708189158,205.71712802768167,215.48024798154555,241.95444059976933,"sheep"
"z15_png.rf.44f0a6cd6aaf0a1300d473a13ccfbb40.jpg",186.0634371395617,214.37629757785467,217.95991926182236,240.6443194925029,"sheep"
"z15_png.rf.44f0a6cd6aaf0a1300d473a13ccfbb40.jpg",210.71957900807382,187.10741061130335,244.88956170703577,215.27970011534026,"sheep"
"z15_png.rf.44f0a6cd6aaf0a1300d473a13ccfbb40.jpg",193.429354094579,173.30147058823528,219.2550461361015,209.3476066897347,"sheep"
"z15_png.rf.77efe08b9f9af23fc892ed0b2f7ae994.jpg",187.943339100346,174.09429065743944,220.34212802768164,205.94579008073816,"sheep"
"z15_png.rf.77efe08b9f9af23fc892ed0b2f7ae994.jpg",209.84429065743944,201.57122260668973,238.21900230680507,229.79599192618224,"sheep"
"z15_png.rf.77efe08b9f9af23fc892ed0b2f7ae994.jpg",189.4577566320646,208.99711649365628,227.01643598615917,242.4998558246828,"sheep"
"z15_png.rf.957c80a3ad0e052e743b42e6724330c2.jpg",176.1691176470588,194.76946366782008,204.44261822376006,233.34212802768167,"sheep"
"z15_png.rf.957c80a3ad0e052e743b42e6724330c2.jpg",197.89388696655132,175.5524798154556,230.91681084198385,203.3667820069204,"sheep"
"z15_png.rf.957c80a3ad0e052e743b42e6724330c2.jpg",209.13956170703574,193.58117070357554,243.91681084198382,224.20876585928488,"sheep"
"z16_png.rf.9785684f0c4f77464f0ae960fe95cb3a.jpg",189.95444059976933,199.80565167243367,218.22231833910035,225.00908304498267,"sheep"
"z16_png.rf.9785684f0c4f77464f0ae960fe95cb3a.jpg",194.5351787773933,162.04455017301038,219.47808535178777,198.3999423298731,"sheep"
"z16_png.rf.9785684f0c4f77464f0ae960fe95cb3a.jpg",211.42993079584775,176.08290080738178,243.79123414071512,204.8699538638985,"sheep"
"z16_png.rf.2d1b6725a0b8809fe227313cda7c2df3.jpg",188.75677623990774,189.4202710495963,218.37975778546712,229.70977508650518,"sheep"
"z16_png.rf.2d1b6725a0b8809fe227313cda7c2df3.jpg",225.94059976931948,196.8799019607843,252.0905420991926,223.4515570934256,"sheep"
"z16_png.rf.2d1b6725a0b8809fe227313cda7c2df3.jpg",212.5451268742791,176.4202710495963,239.25547866205304,201.5299884659746,"sheep"
"z15_png.rf.ced7a311f694a6f3067e411a110b1441.jpg",173.53200692041523,195.054354094579,207.01787773933103,231.5653114186851,"sheep"
"z15_png.rf.ced7a311f694a6f3067e411a110b1441.jpg",196.36447520184544,172.50115340253748,225.9968281430219,206.189446366782,"sheep"
"z15_png.rf.ced7a311f694a6f3067e411a110b1441.jpg",208.3767301038062,193.43497693194925,241.77076124567472,227.06891580161476,"sheep"
"z16_png.rf.b7bd3193424969e04458ac71b2ccd697.jpg",199.54700115340253,186.72318339100346,226.60971741637832,224.53676470588235,"sheep"
"z16_png.rf.b7bd3193424969e04458ac71b2ccd697.jpg",173.79253171856976,208.51355247981544,201.18886966551324,236.01485005767012,"sheep"
"z16_png.rf.b7bd3193424969e04458ac71b2ccd697.jpg",167.10322952710496,189.47462514417532,197.8770184544406,212.73817762399077,"sheep"
"z16_png.rf.c1ef2448bae55f7623f4118444c3781e.jpg",187.49538638985,194.5876585928489,222.51441753171852,222.63437139561705,"sheep"
"z16_png.rf.c1ef2448bae55f7623f4118444c3781e.jpg",216.09313725490196,214.49812572087657,243.8999423298731,239.15426758938867,"sheep"
"z16_png.rf.c1ef2448bae55f7623f4118444c3781e.jpg",203.51485005767012,219.62053056516723,229.46424452133795,249.12543252595154,"sheep"
"z17_png.rf.55da17043f94a9ae95aa71677c2d5bbf.jpg",353.9182525951557,188.5674740484429,384.5533448673587,216.98341983852364,"sheep"
"z17_png.rf.55da17043f94a9ae95aa71677c2d5bbf.jpg",369.04743367935407,216.97029988465974,386.1052479815455,243.06401384083046,"sheep"
"z17_png.rf.55da17043f94a9ae95aa71677c2d5bbf.jpg",346.6535467128028,215.0472895040369,372.5148500576701,246.22029988465974,"sheep"
"z17_png.rf.df0db21b26b5093d3b7ec3df3bfd2b91.jpg",224.17315455594002,28.12730680507497,254.23846597462514,69.46453287197231,"sheep"
"z17_png.rf.df0db21b26b5093d3b7ec3df3bfd2b91.jpg",250.94723183391002,55.26499423298731,281.1905997693195,79.28575547866205,"sheep"
"z17_png.rf.df0db21b26b5093d3b7ec3df3bfd2b91.jpg",259.1584486735871,33.6058246828143,291.2948385236448,60.09313725490196,"sheep"
"z18_png.rf.14df63ace3f549864248eff7ebc5da3e.jpg",314.01110149942326,202.61332179930795,344.49625144175315,229.5542099192618,"sheep"
"z18_png.rf.14df63ace3f549864248eff7ebc5da3e.jpg",332.75951557093424,230.79310841983852,355.4532871972318,261.64749134948096,"sheep"
"z18_png.rf.14df63ace3f549864248eff7ebc5da3e.jpg",302.78604382929643,229.99466551326412,337.60452710495963,258.1107266435986,"sheep"
"z17_png.rf.29f828f67892ce6046c715938b3f62f9.jpg",236.91450403690888,345.1485005767013,264.1290369088812,378.5800173010381,"sheep"
"z17_png.rf.29f828f67892ce6046c715938b3f62f9.jpg",206.4949538638985,345.53272779700114,234.1480680507497,372.1268742791234,"sheep"
"z17_png.rf.29f828f67892ce6046c715938b3f62f9.jpg",211.4917820069204,367.2406286043829,238.8918685121107,392.3334775086505,"sheep"
"z18_png.rf.ffb0151ecafa83c1dbef83293e0f3083.jpg",313.7749423298731,186.53200692041523,353.41594579008074,209.2257785467128,"sheep"
"z18_png.rf.ffb0151ecafa83c1dbef83293e0f3083.jpg",335.2654267589389,155.64201268742792,359.02753748558246,186.15527681660902,"sheep"
"z18_png.rf.ffb0151ecafa83c1dbef83293e0f3083.jpg",311.8538062283737,154.86043829296423,338.7497116493656,186.64821222606687,"sheep"
"z19_png.rf.d2b94b172203730838d54320348f9586.jpg",272.86130334486734,161.78589965397924,304.06992502883503,187.76528258362168,"sheep"
"z19_png.rf.d2b94b172203730838d54320348f9586.jpg",259.9100346020761,127.94204152249135,290.3689446366782,157.97736447520185,"sheep"
"z19_png.rf.d2b94b172203730838d54320348f9586.jpg",284.00576701268744,138.08189158016148,312.402970011534,160.1159169550173,"sheep"
"z19_png.rf.825e2447549c58fc4009091b5b97e6b9.jpg",267.31718569780855,234.43295847750863,298.88379469434835,262.94261822376006,"sheep"
"z19_png.rf.825e2447549c58fc4009091b5b97e6b9.jpg",280.7201557093426,262.9801038062284,304.84212802768167,293.4202710495963,"sheep"
"z19_png.rf.825e2447549c58fc4009091b5b97e6b9.jpg",254.71453287197232,260.2567762399077,285.79570357554786,294.3367935409458,"sheep"
"z19_png.rf.b1eb19296ecd16860517b2792254a961.jpg",269.4519896193772,225.3839388696655,305.81113033448673,255.5898212226067,"sheep"
"z19_png.rf.b1eb19296ecd16860517b2792254a961.jpg",284.86231257208766,255.83535178777393,312.92214532871975,285.0103806228374,"sheep"
"z19_png.rf.b1eb19296ecd16860517b2792254a961.jpg",259.9756343713956,254.21035178777393,291.36418685121106,286.44607843137254,"sheep"
"z19_png.rf.1a7238c589fddab71017ed8a45da5a4f.jpg",154.80608419838524,265.1430219146482,180.04512687427913,298.03474625144173,"sheep"
"z19_png.rf.1a7238c589fddab71017ed8a45da5a4f.jpg",124.37903690888119,259.7338523644752,156.97837370242212,286.4273356401384,"sheep"
"z19_png.rf.1a7238c589fddab71017ed8a45da5a4f.jpg",128.70487312572087,279.336937716263,153.95516147635524,305.6818050749712,"sheep"
"z20_png.rf.0b7395ab9ff645dc97c9b77fbf5bd006.jpg",159.49365628604383,202.65455594002307,183.1732987312572,231.05925605536333,"sheep"
"z20_png.rf.0b7395ab9ff645dc97c9b77fbf5bd006.jpg",128.83607266435985,197.61836793540945,156.68411188004612,224.84039792387543,"sheep"
"z20_png.rf.0b7395ab9ff645dc97c9b77fbf5bd006.jpg",136.08203575547867,217.15772779700114,160.39705882352942,249.40470011534023,"sheep"
"z19_png.rf.e309ee33ba116dedda823c384c3d85f7.jpg",277.17964244521335,210.09544405997693,309.55781430219145,238.54700115340253,"sheep"
"z19_png.rf.e309ee33ba116dedda823c384c3d85f7.jpg",279.46813725490193,242.7641291810842,310.26441753171855,274.82742214532874,"sheep"
"z19_png.rf.e309ee33ba116dedda823c384c3d85f7.jpg",301.8751441753172,237.94535755478663,324.0028835063437,265.13739907727796,"sheep"
"z20_png.rf.41a6ab35693f63be105fb08821cfdc30.jpg",229.98904267589387,194.03474625144176,258.090109573241,220.08535178777393,"sheep"
"z20_png.rf.41a6ab35693f63be105fb08821cfdc30.jpg",264.3314590542099,203.29181084198385,292.2750865051903,226.13739907727796,"sheep"
"z20_png.rf.41a6ab35693f63be105fb08821cfdc30.jpg",256.98428489042675,176.65455594002307,281.713523644752,211.68108419838524,"sheep"
"z20_png.rf.52f41394b9b06235911c5321f16c195a.jpg",196.17892156862746,155.63638985005767,222.25951557093427,186.19088811995385,"sheep"
"z20_png.rf.52f41394b9b06235911c5321f16c195a.jpg",181.2709054209919,123.22635524798154,209.8292964244521,152.58131487889273,"sheep"
"z20_png.rf.52f41394b9b06235911c5321f16c195a.jpg",205.02177047289504,130.37110726643598,227.3931660899654,155.2784025374856,"sheep"
"z20_png.rf.8ee2e3b1a7c1c36587d401349feef201.jpg",232.2400519031142,189.1634948096886,259.0647347174164,221.56040945790082,"sheep"
"z20_png.rf.8ee2e3b1a7c1c36587d401349feef201.jpg",262.95761245674737,199.2208765859285,287.26326412918104,223.51153402537486,"sheep"
"z20_png.rf.8ee2e3b1a7c1c36587d401349feef201.jpg",255.47549019607843,176.25158592848905,283.7452422145329,207.8106978085352,"sheep"
"z21_png.rf.5352c806b4c731c6cd919447ef214b68.jpg",235.679354094579,202.26658016147636,263.21813725490193,228.35841983852364,"sheep"
"z21_png.rf.5352c806b4c731c6cd919447ef214b68.jpg",260.93901384083046,182.37298154555938,281.5598327566321,213.0249423298731,"sheep"
"z21_png.rf.5352c806b4c731c6cd919447ef214b68.jpg",270.56905997693195,205.04988465974625,293.8382352941177,231.06300461361016,"sheep"
"z21_png.rf.633385f60c9af576ef7906a0f12eb130.jpg",154.0526239907728,184.28287197231833,180.30940023068052,209.39633794694348,"sheep"
"z21_png.rf.633385f60c9af576ef7906a0f12eb130.jpg",121.8075259515571,179.69276239907728,147.33333333333334,203.34429065743944,"sheep"
"z21_png.rf.633385f60c9af576ef7906a0f12eb130.jpg",130.15181660899654,197.54152249134947,157.73933102652825,223.35409457900806,"sheep"
"z21_png.rf.8e8fd559da3df31fbaaf40313a2c3e90.jpg",171.30911188004612,231.35539215686273,202.79137831603228,259.0047577854671,"sheep"
"z21_png.rf.8e8fd559da3df31fbaaf40313a2c3e90.jpg",187.27797001153402,260.2417820069204,214.21698385236448,284.03762975778545,"sheep"
"z21_png.rf.8e8fd559da3df31fbaaf40313a2c3e90.jpg",168.13970588235293,261.31761822376006,196.47130911188003,289.9865916955017,"sheep"
"z20_png.rf.ca3a4bc7ec0185b77d769948276a94e4.jpg",192.26542675893887,231.8708189158016,224.53863898500578,260.8734140715109,"sheep"
"z20_png.rf.ca3a4bc7ec0185b77d769948276a94e4.jpg",206.7367358708189,261.4919261822376,230.07525951557093,287.5668973471742,"sheep"
"z20_png.rf.ca3a4bc7ec0185b77d769948276a94e4.jpg",177.0331603229527,260.08809111880043,210.02234717416377,288.878892733564,"sheep"
"z21_png.rf.c655006348549f6272668032c0ae3657.jpg",235.52753748558246,212.19463667820068,258.9597750865052,242.72476931949248,"sheep"
"z21_png.rf.c655006348549f6272668032c0ae3657.jpg",263.74106113033446,227.33131487889273,294.0743944636678,247.64662629757785,"sheep"
"z21_png.rf.c655006348549f6272668032c0ae3657.jpg",260.9896193771626,205.64965397923874,283.9626585928489,232.6842560553633,"sheep"
"z22_png.rf.12a53e92d0fc452d0610ca4e756dddbc.jpg",209.67185697808534,314.6539792387543,234.80781430219145,338.6335063437139,"sheep"
"z22_png.rf.12a53e92d0fc452d0610ca4e756dddbc.jpg",233.08722606689733,330.8383794694348,265.8233852364475,351.0824682814302,"sheep"
"z22_png.rf.12a53e92d0fc452d0610ca4e756dddbc.jpg",236.3559688581315,309.45098039215685,264.2452422145329,335.1735870818916,"sheep"
"z22_png.rf.8f541466cc4653660c11ab8a985b5e17.jpg",80.30911188004613,124.50273933102652,101.3366493656286,156.26239907727796,"sheep"
"z22_png.rf.8f541466cc4653660c11ab8a985b5e17.jpg",84.85798731257209,156.43483275663206,113.15772779700116,176.52710495963092,"sheep"
"z22_png.rf.8f541466cc4653660c11ab8a985b5e17.jpg",94.02321222606689,130.51730103806227,119.53964821222606,156.2436562860438,"sheep"
"z22_png.rf.8e6f70cbe2add45f70c807736cb73d8c.jpg",83.06617647058823,233.24841407151095,110.76614763552479,261.4263264129181,"sheep"
"z22_png.rf.8e6f70cbe2add45f70c807736cb73d8c.jpg",93.16479238754324,262.1985294117647,118.47880622837368,287.3700980392157,"sheep"
"z22_png.rf.8e6f70cbe2add45f70c807736cb73d8c.jpg",76.44809688581314,259.5501730103806,100.2308246828143,289.6248558246828,"sheep"
"z22_png.rf.18d08166dddbdf354c2d96b47569947c.jpg",157.28950403690888,77.54455017301038,177.3274221453287,111.48961937716263,"sheep"
"z22_png.rf.18d08166dddbdf354c2d96b47569947c.jpg",128.691753171857,96.17488465974625,159.61361014994233,124.69391580161476,"sheep"
"z22_png.rf.18d08166dddbdf354c2d96b47569947c.jpg",124.50648788927336,79.40383506343714,152.12024221453288,99.03690888119954,"sheep"
"z23jpg_png.rf.09a66d5ffa227fed5962eb3776129ea2.jpg",85.36029411764706,158.84702998846598,109.20299884659747,202.57021337946944,"sheep"
"z23jpg_png.rf.09a66d5ffa227fed5962eb3776129ea2.jpg",86.53171856978085,197.4253171856978,106.38033448673586,230.8849480968858,"sheep"
"z23jpg_png.rf.09a66d5ffa227fed5962eb3776129ea2.jpg",65.98774509803921,183.92301038062283,84.87673010380622,226.63970588235293,"sheep"
"z23jpg_png.rf.5f2343dee6e61f616fe043c4d2eb9f7c.jpg",181.55767012687429,313.9473760092272,222.20516147635524,336.17445213379466,"sheep"
"z23jpg_png.rf.5f2343dee6e61f616fe043c4d2eb9f7c.jpg",214.73615916955018,331.69117647058823,251.39705882352942,351.1649365628604,"sheep"
"z23jpg_png.rf.5f2343dee6e61f616fe043c4d2eb9f7c.jpg",217.85870818915802,309.3685121107266,251.98558246828145,332.1841118800461,"sheep"
"z23jpg_png.rf.6c0b780e19a22991ffaf1e077c0af93d.jpg",89.40498846597463,220.07223183391002,105.36260092272202,261.18079584775086,"sheep"
"z23jpg_png.rf.6c0b780e19a22991ffaf1e077c0af93d.jpg",64.61764705882352,195.8659169550173,85.76326412918108,236.39532871972318,"sheep"
"z23jpg_png.rf.6c0b780e19a22991ffaf1e077c0af93d.jpg",84.74553056516724,191.58318915801615,104.39359861591696,225.23774509803923,"sheep"
"z23jpg_png.rf.8b8ab4bebf0f0b2f6d8b4cf848dd2d75.jpg",131.87615340253748,302.37745098039215,175.28445790080738,323.7873414071511,"sheep"
"z23jpg_png.rf.8b8ab4bebf0f0b2f6d8b4cf848dd2d75.jpg",166.5090830449827,312.27551903114187,200.85337370242215,331.3931660899654,"sheep"
"z23jpg_png.rf.8b8ab4bebf0f0b2f6d8b4cf848dd2d75.jpg",157.9061418685121,324.2502883506344,192.58780276816606,352.3326124567474,"sheep"
"z24_png.rf.4d65d2ea6139e0f760e2323105c07300.jpg",142.3983564013841,200.13552479815456,166.99452133794696,249.62211649365628,"sheep"
"z24_png.rf.4d65d2ea6139e0f760e2323105c07300.jpg",149.13264129181084,248.8517877739331,184.36534025374857,296.7452422145329,"sheep"
"z24_png.rf.4d65d2ea6139e0f760e2323105c07300.jpg",128.1107266435986,209.22015570934255,146.227508650519,271.5230680507497,"sheep"
"z24_png.rf.3e440a48441f9e15f2dbe2e5caa8011e.jpg",143.83405420991926,119.4496828143022,187.58910034602076,166.10423875432525,"sheep"
"z24_png.rf.3e440a48441f9e15f2dbe2e5caa8011e.jpg",145.42156862745097,162.62370242214533,165.3151672433679,218.5390715109573,"sheep"
"z24_png.rf.3e440a48441f9e15f2dbe2e5caa8011e.jpg",125.52984429065744,147.3708189158016,147.06718569780853,202.2459630911188,"sheep"
"z24_png.rf.90844affb6448f8494004f5ba00ac72c.jpg",255.99466551326412,223.8132929642445,301.3934544405998,257.2204440599769,"sheep"
"z24_png.rf.90844affb6448f8494004f5ba00ac72c.jpg",229.34429065743944,264.85625720876584,279.5262399077278,285.70573817762397,"sheep"
"z24_png.rf.90844affb6448f8494004f5ba00ac72c.jpg",201.20948673587083,244.37788350634372,258.42560553633217,270.76773356401384,"sheep"
"z24_png.rf.ed4a37e27bf33e8570d5816482bff6d1.jpg",119.99134948096885,154.97289504036908,163.3659169550173,190.19997116493656,"sheep"
"z24_png.rf.ed4a37e27bf33e8570d5816482bff6d1.jpg",156.5191753171857,148.39979815455592,222.87615340253748,169.1611880046136,"sheep"
"z24_png.rf.ed4a37e27bf33e8570d5816482bff6d1.jpg",138.42675893886965,125.61980968858131,193.2869088811995,151.96280276816609,"sheep"
"z24_png.rf.fc4a94bfd483cd97d1dfb52e4a8cf082.jpg",124.44088811995385,148.86649365628605,166.55781430219145,182.92401960784315,"sheep"
"z24_png.rf.fc4a94bfd483cd97d1dfb52e4a8cf082.jpg",165.84746251441751,145.91637831603228,217.5250865051903,165.11087081891577,"sheep"
"z24_png.rf.fc4a94bfd483cd97d1dfb52e4a8cf082.jpg",141.5999134948097,119.00360438292964,203.08001730103808,148.07179930795849,"sheep"
"z25_png.rf.07e11d98b0b1e48ebcc70e8c6908611f.jpg",346.1887254901961,131.62874855824683,391.31574394463667,193.98414071510956,"sheep"
"z25_png.rf.07e11d98b0b1e48ebcc70e8c6908611f.jpg",287.81992502883503,192.37788350634372,362.5549307958477,219.82295271049597,"sheep"
"z25_png.rf.07e11d98b0b1e48ebcc70e8c6908611f.jpg",278.56473471741634,151.95905420991926,341.62485582468275,193.60928489042675,"sheep"
"z25_png.rf.429e501b027087d573e6cd3c14565f85.jpg",284.09760668973473,165.3114186851211,350.1565743944637,200.97145328719722,"sheep"
"z25_png.rf.429e501b027087d573e6cd3c14565f85.jpg",329.7306805074971,108.60135524798154,386.73125720876584,165.56444636678202,"sheep"
"z25_png.rf.429e501b027087d573e6cd3c14565f85.jpg",268.90470011534023,138.32367358708188,336.1688292964244,174.14864475201844,"sheep"
"z25_png.rf.7a0db3c264a4f1dce43249fda99de190.jpg",263.9266147635525,324.0965974625144,316.62572087658594,377.2417820069204,"sheep"
"z25_png.rf.7a0db3c264a4f1dce43249fda99de190.jpg",254.06790657439447,267.6320645905421,286.7834486735871,330.03431372549016,"sheep"
"z25_png.rf.7a0db3c264a4f1dce43249fda99de190.jpg",223.42906574394462,282.4538638985006,254.24971164936562,352.07396193771626,"sheep"
"z25_png.rf.a60437c5d86e25cf754294dc604a47c4.jpg",258.9447808535179,32.27508650519031,317.780276816609,88.58405420991926,"sheep"
"z25_png.rf.a60437c5d86e25cf754294dc604a47c4.jpg",252.4241637831603,88.37413494809688,284.8435697808535,150.3153114186851,"sheep"
"z25_png.rf.a60437c5d86e25cf754294dc604a47c4.jpg",223.8526528258362,58.90859284890426,257.9101787773933,131.50129757785464,"sheep"
"z2_png.rf.2bf45c29fa73bf67cc6c673becadc187.jpg",191.39950980392157,303.5919838523645,238.76441753171858,321.1652249134948,"sheep"
"z2_png.rf.2bf45c29fa73bf67cc6c673becadc187.jpg",232.88480392156862,314.43094002306805,271.79108996539793,330.0980392156863,"sheep"
"z2_png.rf.2bf45c29fa73bf67cc6c673becadc187.jpg",222.45631487889273,324.3589965397924,262.5040369088812,347.8249711649365,"sheep"
"z25_png.rf.b09b78db3e3647a96e20b1ce51392afb.jpg",337.9344002306805,114.31603229527104,386.4969723183391,174.8233852364475,"sheep"
"z25_png.rf.b09b78db3e3647a96e20b1ce51392afb.jpg",286.4235870818916,176.85697808535178,361.927047289504,209.8499134948097,"sheep"
"z25_png.rf.b09b78db3e3647a96e20b1ce51392afb.jpg",271.4049884659746,142.24279123414073,335.96265859284887,179.20357554786622,"sheep"
"z2_png.rf.50b74f27377cebee5aa9a80d32a197db.jpg",167.2400519031142,67.88451557093425,203.57107843137254,92.00836216839677,"sheep"
"z2_png.rf.50b74f27377cebee5aa9a80d32a197db.jpg",185.3699538638985,95.14777970011534,224.1694059976932,110.94420415224913,"sheep"
"z2_png.rf.50b74f27377cebee5aa9a80d32a197db.jpg",158.213523644752,84.94232987312571,193.47433679354094,103.24279123414071,"sheep"
"z2_png.rf.f95bbb9bd14556738c1b7bb1bfffeffb.jpg",202.12038638985004,301.40657439446363,249.50028835063435,321.6918973471741,"sheep"
"z2_png.rf.f95bbb9bd14556738c1b7bb1bfffeffb.jpg",243.6825259515571,309.1867070357555,278.06430219146483,323.1725778546713,"sheep"
"z2_png.rf.f95bbb9bd14556738c1b7bb1bfffeffb.jpg",236.4384371395617,322.11548442906576,275.213523644752,345.51585928489044,"sheep"
"z2_png.rf.73cbfbf2fc49c1b6756c3ea4d845ce11.jpg",75.58780276816609,143.1330738177624,91.239907727797,184.38595732410613,"sheep"
"z2_png.rf.73cbfbf2fc49c1b6756c3ea4d845ce11.jpg",96.09991349480968,169.80219146482122,115.72549019607843,216.43425605536333,"sheep"
"z2_png.rf.73cbfbf2fc49c1b6756c3ea4d845ce11.jpg",93.63148788927336,135.50850634371395,112.96280276816609,176.79137831603228,"sheep"
"z3_png.rf.0211ceea52060f645823cc42ca56aaa7.jpg",107.04757785467127,223.47404844290656,131.88739907727796,264.4907727797001,"sheep"
"z3_png.rf.0211ceea52060f645823cc42ca56aaa7.jpg",110.6068339100346,258.99726066897347,132.22102076124565,296.7752306805075,"sheep"
"z3_png.rf.0211ceea52060f645823cc42ca56aaa7.jpg",92.11332179930795,252.05867935409458,113.37889273356402,295.6131776239908,"sheep"
"z3_png.rf.0a29e346fc542e7cca02e637188c1800.jpg",167.8660611303345,100.37889273356402,211.13566897347175,122.70530565167243,"sheep"
"z3_png.rf.0a29e346fc542e7cca02e637188c1800.jpg",139.7368800461361,85.52523068050749,183.3738465974625,103.52393310265282,"sheep"
"z3_png.rf.0a29e346fc542e7cca02e637188c1800.jpg",138.38365051903114,100.9093137254902,179.8295847750865,119.25288350634371,"sheep"
"z3_png.rf.2ba1fa631a0c5cf7b9b1b98511759c35.jpg",103.28589965397924,207.49769319492503,121.60885236447521,248.49754901960785,"sheep"
"z3_png.rf.2ba1fa631a0c5cf7b9b1b98511759c35.jpg",102.12759515570934,244.31228373702422,117.90715109573242,272.69261822376006,"sheep"
"z3_png.rf.2ba1fa631a0c5cf7b9b1b98511759c35.jpg",78.29238754325259,231.06487889273356,102.46309111880045,278.6734429065744,"sheep"
"z3_png.rf.5d105b383ce9b8650b61f5e5c8eda926.jpg",103.36649365628604,165.138985005767,122.80089388696655,206.8135813148789,"sheep"
"z3_png.rf.5d105b383ce9b8650b61f5e5c8eda926.jpg",102.49120530565168,134.79065743944636,118.71309111880046,170.00648788927336,"sheep"
"z3_png.rf.5d105b383ce9b8650b61f5e5c8eda926.jpg",85.97693194925029,133.30622837370242,106.29036908881199,177.55795847750863,"sheep"
"z3_png.rf.938e27e5aa258a905c4bd503fc023a46.jpg",211.6098615916955,296.6102941176471,251.00158592848905,313.9211361014994,"sheep"
"z3_png.rf.938e27e5aa258a905c4bd503fc023a46.jpg",242.96280276816609,299.60726643598616,288.46092848904266,315.51427335640136,"sheep"
"z3_png.rf.938e27e5aa258a905c4bd503fc023a46.jpg",235.18079584775086,310.5361880046136,289.96222606689736,329.41392733564015,"sheep"
"z4_png.rf.660fe1786ba7dc28b8fea21b58c4bc52.jpg",301.8582756632064,167.3506343713956,342.1421568627451,185.55550749711648,"sheep"
"z4_png.rf.660fe1786ba7dc28b8fea21b58c4bc52.jpg",294.5617070357555,145.8376585928489,329.4851499423299,164.28056516724337,"sheep"
"z4_png.rf.660fe1786ba7dc28b8fea21b58c4bc52.jpg",283.19607843137254,158.37471164936562,329.0615628604383,171.17978662053056,"sheep"
"z4_png.rf.70e141649c75ccf0c00fd01bda141581.jpg",180.89979815455592,298.5464244521338,198.8628892733564,346.07439446366783,"sheep"
"z4_png.rf.70e141649c75ccf0c00fd01bda141581.jpg",170.95112456747404,286.53791810841983,183.16392733564012,327.1385524798154,"sheep"
"z4_png.rf.70e141649c75ccf0c00fd01bda141581.jpg",161.3023356401384,299.08246828143024,171.89763552479815,336.45746828143024,"sheep"
"z4_png.rf.9df549e61eef9e57cea3aeb9747cea81.jpg",182.00374855824683,70.7409169550173,197.32410611303345,115.36750288350635,"sheep"
"z4_png.rf.9df549e61eef9e57cea3aeb9747cea81.jpg",171.59212802768167,87.39388696655132,189.58333333333334,123.14950980392156,"sheep"
"z4_png.rf.9df549e61eef9e57cea3aeb9747cea81.jpg",160.2508650519031,73.92719146482122,175.28258362168395,117.92214532871972,"sheep"
"z4_png.rf.a4a3b9adaea937ce09e0efa83a99fffe.jpg",200.8083910034602,72.1522491349481,218.0142733564014,112.78662053056516,"sheep"
"z4_png.rf.a4a3b9adaea937ce09e0efa83a99fffe.jpg",183.83304498269896,86.15498846597463,203.4455017301038,121.80190311418684,"sheep"
"z4_png.rf.a4a3b9adaea937ce09e0efa83a99fffe.jpg",180.18194925028834,78.84904844290658,196.56877162629758,109.81026528258363,"sheep"
"z5_png.rf.5c5bf6916903483ff6f63e2be12e2436.jpg",185.8216551326413,214.15700692041523,205.68713956170706,261.8780276816609,"sheep"
"z5_png.rf.5c5bf6916903483ff6f63e2be12e2436.jpg",176.645184544406,232.77797001153402,191.510092272203,276.1937716262976,"sheep"
"z5_png.rf.5c5bf6916903483ff6f63e2be12e2436.jpg",163.58708189158017,218.94204152249134,180.94290657439447,265.24423298731256,"sheep"
"z4_png.rf.ac1b2ecfbd4f66957f712f75c0046765.jpg",196.42632641291812,70.21049596309112,211.83290080738178,112.85034602076124,"sheep"
"z4_png.rf.ac1b2ecfbd4f66957f712f75c0046765.jpg",179.55781430219145,86.98154555940023,196.8686562860438,120.94535755478663,"sheep"
"z4_png.rf.ac1b2ecfbd4f66957f712f75c0046765.jpg",174.50850634371395,78.85092272202999,191.67315455594002,110.0482987312572,"sheep"
"z5_png.rf.a7dbbaa98f8ee918de9c9320527640bc.jpg",186.68569780853517,154.83607266435985,202.06978085351787,207.1078431372549,"sheep"
"z5_png.rf.a7dbbaa98f8ee918de9c9320527640bc.jpg",168.88754325259515,140.95516147635524,192.18483275663206,183.45444059976933,"sheep"
"z5_png.rf.a7dbbaa98f8ee918de9c9320527640bc.jpg",162.08203575547867,156.62226066897347,180.8698096885813,194.95314302191463,"sheep"
"z5_png.rf.d72f02458feb6ac9de3c6e3d02303fdc.jpg",159.99221453287197,186.5957324106113,199.43267012687429,207.56704152249137,"sheep"
"z5_png.rf.d72f02458feb6ac9de3c6e3d02303fdc.jpg",149.45689158016148,171.84140715109572,184.7589388696655,184.5977508650519,"sheep"
"z5_png.rf.d72f02458feb6ac9de3c6e3d02303fdc.jpg",138.89907727797,179.58405420991926,181.14345444059975,196.01211072664358,"sheep"
"z5_png.rf.e5ee56330d51a29acd9e70fc8eb64ddd.jpg",161.78964821222607,182.51730103806227,204.86433102652825,200.3810553633218,"sheep"
"z5_png.rf.e5ee56330d51a29acd9e70fc8eb64ddd.jpg",154.53993656286045,166.2541810841984,186.1440311418685,183.04397347174165,"sheep"
"z5_png.rf.e5ee56330d51a29acd9e70fc8eb64ddd.jpg",160.38768742791234,156.89965397923876,200.92272202998845,175.87110726643598,"sheep"
"z6_png.rf.028864ce38c5ac7e3e1a44957f976966.jpg",200.37543252595154,185.29685697808534,245.44809688581313,207.49019607843135,"sheep"
"z6_png.rf.028864ce38c5ac7e3e1a44957f976966.jpg",198.04570357554786,168.7882064590542,230.47635524798153,187.69405997693195,"sheep"
"z6_png.rf.028864ce38c5ac7e3e1a44957f976966.jpg",206.6955017301038,159.5686274509804,237.2350057670127,183.9586216839677,"sheep"
"z6_png.rf.c01fbb159da109be548edaee190e1f51.jpg",185.12254901960785,176.31718569780853,201.11014994232988,215.41277393310264,"sheep"
"z6_png.rf.c01fbb159da109be548edaee190e1f51.jpg",174.94896193771626,192.73212226066897,192.52220299884658,228.47649942329872,"sheep"
"z6_png.rf.c01fbb159da109be548edaee190e1f51.jpg",163.40715109573242,182.5060553633218,176.34717416378317,222.8124279123414,"sheep"
"z7_png.rf.20d0043883562e904eddce66e2f3ceae.jpg",180.19881776239907,252.95833333333331,192.31603229527104,302.9303633217993,"sheep"
"z7_png.rf.20d0043883562e904eddce66e2f3ceae.jpg",164.59919261822375,276.84789504036905,178.92993079584775,315.4018166089965,"sheep"
"z7_png.rf.20d0043883562e904eddce66e2f3ceae.jpg",159.06069780853517,261.3457324106113,173.4757785467128,297.9653979238754,"sheep"
"z6_png.rf.926760830173e4efc34c287ba1411fd4.jpg",199.86562860438292,185.35308535178777,240.13264129181084,200.16176470588235,"sheep"
"z6_png.rf.926760830173e4efc34c287ba1411fd4.jpg",188.71929065743944,172.83477508650518,224.14691464821223,186.90873702422144,"sheep"
"z6_png.rf.926760830173e4efc34c287ba1411fd4.jpg",193.50245098039215,161.21799307958477,230.79123414071512,177.05190311418684,"sheep"
"z7_png.rf.53c7cb053afc1120b39dac43e2c039cf.jpg",185.7972895040369,265.58722606689736,202.44088811995385,301.7345732410611,"sheep"
"z7_png.rf.53c7cb053afc1120b39dac43e2c039cf.jpg",177.45299884659747,276.6585928489043,192.66277393310264,314.1366782006921,"sheep"
"z7_png.rf.53c7cb053afc1120b39dac43e2c039cf.jpg",169.17993079584775,267.5083621683968,182.87528835063438,304.99581891580164,"sheep"
"z8_png.rf.1a3e36b2309b038dcfd2a40264feadc6.jpg",262.05420991926184,150.6058246828143,297.09948096885813,169.3729815455594,"sheep"
"z8_png.rf.1a3e36b2309b038dcfd2a40264feadc6.jpg",246.14345444059975,163.04166666666666,283.6084198385236,179.3778835063437,"sheep"
"z8_png.rf.1a3e36b2309b038dcfd2a40264feadc6.jpg",269.59818339100343,167.80046136101498,311.23716839677047,191.55694925028834,"sheep"
"z7_png.rf.716cee5002a5ee43f95bced2b401547c.jpg",189.0866493656286,115.44059976931949,202.35092272203,153.99264705882354,"sheep"
"z7_png.rf.716cee5002a5ee43f95bced2b401547c.jpg",163.22722029988466,109.68094002306805,183.09645328719722,146.58924452133795,"sheep"
"z7_png.rf.716cee5002a5ee43f95bced2b401547c.jpg",171.8770184544406,93.344723183391,188.70991926182236,136.70054786620528,"sheep"
"z7_png.rf.d7bdf6c0defa375f17d66bc09c121eda.jpg",113.58131487889273,200.29483852364476,151.7004036908881,213.29858708189158,"sheep"
"z7_png.rf.d7bdf6c0defa375f17d66bc09c121eda.jpg",103.13033448673586,187.93021914648213,138.6460495963091,201.92920991926184,"sheep"
"z7_png.rf.d7bdf6c0defa375f17d66bc09c121eda.jpg",107.82915224913495,179.34227220299883,146.1450403690888,193.04887543252593,"sheep"
"z7_png.rf.78326b7083b7651a8292b512b1a00391.jpg",189.51023644752019,261.60625720876584,208.80219146482122,303.4645328719723,"sheep"
"z7_png.rf.78326b7083b7651a8292b512b1a00391.jpg",179.7658592848904,276.6735870818916,197.67459630911185,317.90397923875435,"sheep"
"z7_png.rf.78326b7083b7651a8292b512b1a00391.jpg",165.48197808535178,266.01268742791234,182.40297001153402,304.02869088811997,"sheep"
"z8_png.rf.201c535ab5997d99c0a90887f9b09b6d.jpg",262.8582756632064,146.13941753171858,297.3806228373702,166.73212226066897,"sheep"
"z8_png.rf.201c535ab5997d99c0a90887f9b09b6d.jpg",244.54094579008074,165.28143021914647,283.37413494809687,179.28979238754323,"sheep"
"z8_png.rf.201c535ab5997d99c0a90887f9b09b6d.jpg",267.32280853517875,167.42185697808534,311.54267589388695,190.24307958477507,"sheep"
"z9_png.rf.2f3042f7017f0d463c1327d2667f2c82.jpg",165.06213956170703,255.49235870818916,190.75475778546712,281.1868512110727,"sheep"
"z9_png.rf.2f3042f7017f0d463c1327d2667f2c82.jpg",184.51528258362168,246.24653979238752,203.20934256055364,282.781862745098,"sheep"
"z9_png.rf.2f3042f7017f0d463c1327d2667f2c82.jpg",181.72822952710496,222.50129757785467,206.18194925028834,249.1985294117647,"sheep"
"z8_png.rf.ab1cd691a1ad6fdd201026cf5ed86765.jpg",265.5384948096886,192.7489907727797,309.9701557093426,208.05622837370242,"sheep"
"z8_png.rf.ab1cd691a1ad6fdd201026cf5ed86765.jpg",249.11418685121106,178.08088235294116,291.69780853517875,193.92041522491348,"sheep"
"z8_png.rf.ab1cd691a1ad6fdd201026cf5ed86765.jpg",271.50432525951555,166.94016724336794,307.125,184.17416378316034,"sheep"
"z8_png.rf.e98c4e8d6a0739a48698b479f49d83cd.jpg",165.44824106113032,265.29108996539793,180.669261822376,305.82799884659744,"sheep"
"z8_png.rf.e98c4e8d6a0739a48698b479f49d83cd.jpg",184.4515570934256,269.7668685121107,212.70444059976933,309.895184544406,"sheep"
"z8_png.rf.e98c4e8d6a0739a48698b479f49d83cd.jpg",172.0475778546713,241.22909457900806,190.40051903114187,289.58924452133795,"sheep"
"z8_png.rf.864472026fa58cbc18a6667283bc9535.jpg",186.46640715109572,109.9545847750865,208.06559976931948,148.89085928489044,"sheep"
"z8_png.rf.864472026fa58cbc18a6667283bc9535.jpg",178.6056805074971,127.37788350634371,196.199538638985,162.22448096885813,"sheep"
"z8_png.rf.864472026fa58cbc18a6667283bc9535.jpg",160.31271626297578,106.91450403690888,181.16969434832757,148.31920415224914,"sheep"
"z9_png.rf.5cc000a8ffb73b234ee6fc3fe664b861.jpg",167.11634948096886,184.06920415224914,190.86159169550174,215.92070357554786,"sheep"
"z9_png.rf.5cc000a8ffb73b234ee6fc3fe664b861.jpg",140.12860438292964,198.78229527104958,171.4234429065744,223.88451557093424,"sheep"
"z9_png.rf.5cc000a8ffb73b234ee6fc3fe664b861.jpg",132.1835351787774,178.4032583621684,153.76023644752019,202.11476355247981,"sheep"
"z9_png.rf.d83ad151f1f894fea335a20b9dbe2622.jpg",176.52148212226066,221.40671856978085,204.41262975778545,248.71121683967704,"sheep"
"z9_png.rf.d83ad151f1f894fea335a20b9dbe2622.jpg",181.13783160322953,244.39662629757785,203.441753171857,282.13148788927333,"sheep"
"z9_png.rf.d83ad151f1f894fea335a20b9dbe2622.jpg",158.9051326412918,251.59385813148788,184.47592272202996,276.96222606689736,"sheep"
"z9_png.rf.6af08ab2b2286d9ef6f686cd8e846af6.jpg",181.51643598615917,168.97938292964244,208.01686851211073,194.95689158016148,"sheep"
"z9_png.rf.6af08ab2b2286d9ef6f686cd8e846af6.jpg",186.17589388696655,135.13177623990774,207.63264129181084,170.9398788927336,"sheep"
"z9_png.rf.6af08ab2b2286d9ef6f686cd8e846af6.jpg",168.05161476355246,134.28460207612457,190.03878316032294,158.80767012687429,"sheep"